date,load_mwh,wind_mwh,pv_mwh,rtpv_mwh,hydro_mwh,csp_mwh,renewable_share,net_load_ramp_rms_mw_5min
2020-01-01,90616.06331117499,34130.25,7375.933333333333,4036.116666666667,6242.016666666666,39.300000000000004,0.5025852849467543,37.70679133005773
2020-01-02,90052.71597273333,35223.86666666667,7996.858333333333,4627.333333333333,6074.691666666667,201.20000000000002,0.531333872793143,35.69565272419284
2020-01-03,89189.63389086667,36881.875,8290.408333333333,4834.933333333333,5205.075,1867.2,0.5606841791486217,42.44221704552596
2020-01-04,82871.49144160833,26446.241666666665,7801.991666666666,4889.566666666667,5158.908333333333,1794.2,0.4722709742418077,42.58868458642498
2020-01-05,81387.56454635834,53562.666666666664,8501.758333333333,4744.308333333333,4044.4666666666667,2123.2000000000003,0.8208715140416701,35.12559040436373
2020-01-06,90040.277375475,46945.275,8678.533333333335,5030.683333333333,7191.208333333333,2288.7999999999997,0.6736373258128993,43.60982884069666
2020-01-07,90695.11630022501,55083.75833333333,8394.316666666668,4967.525000000001,6952.183333333334,1928.0,0.7546779009955378,44.48605860438834
2020-01-08,92163.22607781668,56560.25833333334,7130.125,4692.7,6256.866666666666,2251.2999999999997,0.7419779693431638,36.52338082586512
2020-01-09,91477.47005215834,39989.049999999996,8173.258333333334,4941.116666666668,6074.691666666667,2305.9,0.5805082384736007,36.472679625408524
2020-01-10,89762.11638234166,40842.833333333336,8485.233333333332,4891.008333333333,5205.075,2347.7000000000003,0.6040307112307145,41.70463520822596
2020-01-11,83720.88734130001,28298.2,6649.375,1928.8083333333334,5158.908333333333,1999.7,0.44046813769425963,38.91232433938919
2020-01-12,82645.527546525,35740.48333333333,9014.975,4997.75,4044.4666666666667,1771.9000000000003,0.602007268999825,40.86960005879891
2020-01-13,92164.967351,28679.908333333336,9093.508333333333,5306.041666666667,3053.3416666666667,2271.5,0.46741684580942805,42.846710562172795
2020-01-14,94766.23146466666,43173.583333333336,8321.925000000001,5091.775000000001,2585.083333333333,1987.8,0.5971249722474378,45.02040455613887
2020-01-15,93454.34848494169,27772.075,7704.25,3954.308333333333,2744.7166666666667,2306.4,0.42192400859427953,45.690437046653486
2020-01-16,92119.17562264168,42290.441666666666,8077.274999999999,4560.308333333333,2955.9500000000003,2367.4,0.5962713477268615,39.09384470805491
2020-01-17,92866.02510963334,52897.21666666667,9000.766666666666,5369.966666666666,3483.0000000000005,2313.2000000000003,0.7243547887463317,44.968739948317136
2020-01-18,87843.470671275,20627.066666666666,9044.683333333334,5223.008333333333,4656.333333333333,2225.0,0.39723792863234386,33.74480947675353
2020-01-19,85535.51734030833,7240.766666666666,8385.791666666666,5311.283333333333,4160.366666666668,1919.6000000000004,0.24478535136888427,44.751029242270896
2020-01-20,91454.15377189168,10770.733333333334,9287.666666666666,5452.575000000001,4138.141666666666,2451.8999999999996,0.278948237426486,38.77184687860837
2020-01-21,90765.49512530833,7159.116666666666,8794.025,5381.958333333333,5899.008333333332,2446.4,0.2350573857449392,32.76166529749436
2020-01-22,89734.6606455,21493.8,8930.35,4231.791666666667,5744.25,931.1999999999999,0.38620463282940587,44.1314782261719
2020-01-23,90873.16198593333,51168.98333333334,8969.966666666667,4706.358333333334,6464.658333333334,2485.0,0.7135804116001931,40.0189540746807
2020-01-24,89999.28616211668,48904.74166666666,9224.949999999999,4821.891666666667,7683.783333333333,1771.0,0.6994675848865952,43.855787414749685
2020-01-25,85389.21414109167,54339.99166666666,8478.633333333333,5219.05,7506.5,2420.2000000000003,0.796794720321221,34.54181052738391
2020-01-26,83013.4737441,42070.90833333333,9352.041666666668,5252.441666666667,8145.149999999999,2093.2999999999997,0.6827252144799535,43.713083539456136
2020-01-27,90333.02575195832,58928.11666666666,9299.916666666666,5310.583333333333,8009.666666666667,2534.2000000000003,0.8140833992275789,42.010684156667146
2020-01-28,87891.88079375,50209.6,9025.491666666667,5546.408333333333,7999.716666666667,1274.0,0.7370589799075801,42.99430233925085
2020-01-29,89093.16895425,57384.60833333334,8746.349999999999,5436.591666666666,8159.608333333334,2162.4,0.8032888586188968,36.10140567489795
2020-01-30,89316.14126365834,56456.26666666666,7556.766666666666,4509.75,6851.150000000001,2511.4999999999995,0.767193727403161,36.5451822538359
2020-01-31,88296.51205834166,33430.1,8917.358333333334,4946.616666666666,5997.266666666667,2551.5,0.5356278962497474,35.11088196941621
2020-02-01,81285.72604914167,42423.25,8598.550000000001,4170.724999999999,5890.683333333333,2386.9,0.6789940581527574,49.38046412271135
2020-02-02,79065.70066415833,29642.966666666664,8121.091666666666,4398.833333333333,6593.866666666666,2113.5,0.5332639983266441,36.3091456146663
2020-02-03,87973.22591088334,2832.225,9121.616666666667,5021.066666666667,6938.066666666667,2493.7,0.1929553924796264,35.37737363998088
2020-02-04,88607.05041880002,1252.8916666666667,9373.125,5173.066666666667,6768.133333333334,1818.5,0.178305036209412,36.98045260485056
2020-02-05,88815.08289064998,5879.175,9202.983333333334,5034.858333333334,7328.3,2327.2999999999997,0.22650450815246032,33.22231251557743
2020-02-06,88261.95190982502,13327.958333333334,8944.216666666667,5683.083333333333,7387.416666666667,2383.7999999999997,0.31673056995039617,35.89025172358596
2020-02-07,86676.76761521667,28962.233333333337,9457.383333333333,5628.358333333334,8972.6,2545.6,0.5081866365338144,33.46741736525158
2020-02-08,81300.27808250833,1802.1833333333334,9744.491666666667,5670.766666666667,9174.958333333334,2735.0,0.21177592589773664,32.119079126389025
2020-02-09,79935.67989169167,2540.9166666666665,9986.741666666667,5635.808333333333,10106.591666666667,2760.9,0.22722602336374867,34.363144449340815
2020-02-10,87960.917289775,7599.358333333333,9370.191666666668,5635.424999999999,9375.508333333333,2884.2999999999997,0.25698885023596396,36.3270749132598
2020-02-11,86966.62213684166,6913.266666666667,9020.858333333334,5680.983333333334,9893.608333333335,2978.7000000000003,0.24854487620919713,37.92833416975846
2020-02-12,86649.40346118333,16698.033333333336,9309.191666666666,4165.591666666666,8792.758333333333,2784.2000000000003,0.3482172462985657,40.74673006317857
2020-02-13,89368.33263630001,22145.683333333334,9953.775,5318.75,7934.833333333333,2284.1,0.4186965027714375,39.62632713787613
2020-02-14,89094.74943162501,35133.1,7619.191666666667,4924.158333333334,8198.958333333334,1237.6000000000001,0.5351207596872908,36.04580733941368
2020-02-15,83751.75304190833,17458.55,8159.308333333333,4331.8,7540.883333333334,2874.2999999999997,0.35760037546135776,38.016655308734585
2020-02-16,81810.26680127501,9654.9,7395.333333333333,4433.283333333333,7073.25,2820.3000000000006,0.2626017186675627,53.96413597257968
2020-02-17,87865.87902808333,5999.533333333333,9277.691666666668,6475.666666666667,6043.158333333334,2557.1,0.24756927156802352,43.77066062103349
2020-02-18,91327.57683044166,37864.950000000004,10484.958333333334,5832.675,5980.649999999999,1623.8999999999999,0.5932773562352198,48.75148240710159
2020-02-19,90242.88001606666,46430.36666666666,10578.616666666667,6337.0,7060.858333333333,858.6,0.7019499302554987,39.16312448689851
2020-02-20,89161.44128315833,55458.43333333333,10694.466666666667,6278.900000000001,4830.283333333334,2785.7999999999997,0.8123668590099564,39.84624954665936
2020-02-21,87205.64294864998,21248.683333333334,10482.208333333334,6458.966666666667,4678.716666666667,3075.1999999999994,0.43792875142060456,34.73685035116167
2020-02-22,81079.79065648334,4341.216666666666,10009.616666666667,5914.841666666667,3861.975,3075.9,0.24994730297049067,31.34143562515539
2020-02-23,78736.18985669166,34596.99166666667,5640.866666666666,4702.616666666667,3997.133333333333,3108.6,0.5707727930675399,37.258618988461144
2020-02-24,87264.802883125,46721.25,4332.333333333333,1630.05,3686.158333333334,3144.6000000000004,0.6037214500317303,32.14344885621425
2020-02-25,85823.68873355835,38737.36666666667,6590.375,4235.525000000001,4192.258333333333,2966.4,0.5775010069834797,43.300339992875315
2020-02-26,85714.16153465833,16166.933333333332,10128.716666666667,6454.716666666667,6257.908333333333,1939.2,0.38208816466604684,36.22603381407373
2020-02-27,86332.69364385,27505.375,10660.449999999999,6631.108333333333,4606.308333333333,892.5999999999999,0.5188872423943474,39.16234898829186
2020-02-28,87285.08502053334,9974.483333333335,7362.675,2671.9166666666665,5637.508333333332,212.5,0.22923819109866225,38.35194815334348
2020-02-29,80872.83757414167,6737.25,10725.275,6583.975000000001,6235.325,2902.2000000000003,0.2973371619111909,34.90127686117844
2020-03-01,77831.98819778334,34596.99166666667,5640.866666666666,4702.616666666667,6054.5166666666655,2317.2999999999997,0.5774036619211008,37.06601474833264
2020-03-02,86781.10026684166,46721.25,4332.333333333333,1630.05,6048.808333333332,3008.9,0.6070864873957276,32.55169591438775
2020-03-03,85021.49433245834,38737.36666666667,6590.375,4235.525000000001,5816.341666666666,2931.7999999999997,0.5829498417524883,43.94225105340531
2020-03-04,84918.82885088332,16166.933333333332,10128.716666666667,6454.716666666667,6073.158333333334,2718.2000000000003,0.3856667256230772,35.76914384096402
2020-03-05,85583.0393889,27505.375,10660.449999999999,6631.108333333333,6137.899999999999,395.3999999999999,0.5234323722691184,39.85916862324837
2020-03-06,86678.14159885833,9974.483333333335,7362.675,2671.9166666666665,6922.091666666667,761.8000000000001,0.23084337793720708,38.85539250616494
2020-03-07,79923.57337366667,6737.25,10725.275,6583.975000000001,5948.291666666667,3144.2999999999997,0.30086867972701126,35.19500085288151
2020-03-08,78294.18528009167,34494.424999999996,9887.041666666666,5897.116666666666,5807.100000000001,1055.2,0.6421751903218024,42.77455688590515
2020-03-09,86774.24398554167,46323.23333333334,4662.433333333333,2992.225,6253.783333333333,2197.7000000000003,0.6220496911002816,37.694640315846875
2020-03-10,85932.36559141666,42618.84166666666,9415.324999999999,5350.666666666667,6450.458333333333,157.5,0.6677906855978045,48.03644687264463
2020-03-11,86579.14010490834,47305.0,11578.508333333333,6872.625,6110.925,3027.0,0.7594916426018592,38.67446105275043
2020-03-12,87317.10635433333,50017.09166666665,7620.8,3399.341666666667,5949.458333333333,2706.2000000000003,0.6990295015691871,40.05395739605193
2020-03-13,88337.02033636665,3331.616666666667,8648.141666666668,3797.775,8305.458333333334,2657.1,0.1786061299470617,37.998407525471016
2020-03-14,87736.03174469166,5786.366666666666,5348.625,3325.775,7321.525000000001,3201.7999999999997,0.1648212983776941,31.904990721922243
2020-03-15,83393.60988399167,9563.224999999999,9353.933333333332,4529.541666666667,7950.400000000001,1356.2,0.28115703388564856,40.30944165661479
2020-03-16,89744.03686279168,20110.850000000002,11428.425000000001,6925.900000000001,8173.599999999999,1736.1000000000001,0.42860981458644254,46.21976056425913
2020-03-17,88360.71472706665,20107.758333333335,11152.283333333333,7053.416666666667,8339.975,1880.1000000000001,0.43360285678627675,32.19325275876945
2020-03-18,85918.76322258332,31241.441666666666,11469.758333333333,7066.791666666667,8908.716666666667,382.90000000000003,0.5793611290436123,38.73010717437992
2020-03-19,85801.24714295834,17237.391666666666,9478.733333333332,6612.224999999999,9420.425000000001,1305.5,0.38843666158453083,36.01847589278629
2020-03-20,85569.62527756668,5720.25,8193.199999999999,2919.975,9274.449999999999,1617.3999999999999,0.19672196699934744,31.891647762925658
2020-03-21,79545.80475755833,16554.35,10170.658333333333,5018.841666666667,8260.216666666667,3385.0,0.39906378591240216,44.20658802817932
2020-03-22,79801.25940844166,5314.358333333333,9179.608333333334,5183.0,9306.275,3100.7999999999997,0.24657463820157663,36.37837773956055
2020-03-23,87216.36601737501,3975.491666666667,10299.683333333332,4804.258333333334,11749.991666666667,1586.8,0.21875978333621904,39.38274477695825
2020-03-24,88143.48538699168,8258.741666666667,10795.708333333334,6303.116666666668,12842.491666666667,1340.0000000000002,0.28768509159054617,38.66922367969293
2020-03-25,86765.88773910834,13906.199999999999,11178.666666666666,7177.675,13192.6,2380.6,0.37183439837180204,38.058469145184034
2020-03-26,85372.30894425833,16278.783333333331,11457.333333333334,6879.650000000001,12346.783333333333,1263.8999999999999,0.4054683198186445,36.503038000396025
2020-03-27,84112.422587225,23769.49166666667,10393.724999999999,6922.666666666667,12200.199999999999,385.3,0.4884639161442184,40.94867898731729
2020-03-28,78227.02222390834,4720.033333333334,8328.725,5549.808333333333,11100.15,2284.9,0.23775117776351243,37.589328650202184
2020-03-29,76200.96953784167,33105.708333333336,10629.933333333332,5569.508333333334,12567.041666666666,2479.6,0.6470409799118749,41.623102105487234
2020-03-30,84675.27951160833,10354.925,8174.216666666667,6055.283333333333,12718.516666666668,82.10000000000001,0.2903376893681191,35.67154123175153
2020-03-31,86753.65147355833,10307.608333333335,4921.6916666666675,2222.0916666666667,12517.175000000001,1553.5999999999997,0.20116031279658222,50.77918029756213
2020-04-01,87462.57040905002,11700.016666666665,11002.699999999999,6910.291666666667,11857.366666666667,3041.2999999999997,0.338579213883579,39.119103947831455
2020-04-02,86947.678445375,22259.275000000005,10177.741666666667,5904.625,12401.308333333334,3119.9,0.44097372525886197,39.88169408089107
2020-04-03,86218.22535843334,2588.8583333333336,5556.933333333333,2538.975,13295.116666666663,2038.3999999999999,0.12392700757000154,35.06725136032142
2020-04-04,79219.34770044166,8897.666666666666,10828.15,4317.75,13498.775,767.1999999999999,0.30350624392395265,38.23593254467589
2020-04-05,77577.54190110833,6885.166666666667,10795.366666666667,7139.641666666667,15499.216666666665,3414.8000000000006,0.319940209392551,35.83208371911921
2020-04-06,88379.58638255834,8992.783333333333,6881.7,3508.633333333333,14760.074999999999,3154.7999999999997,0.21931667096477742,39.37908867779093
2020-04-07,90453.92327758332,4979.483333333333,6765.458333333333,2587.7666666666664,13403.183333333332,3449.6999999999994,0.1584531418206083,35.4455585874449
2020-04-08,87310.56254786666,13339.083333333334,7777.625,4888.675,11649.316666666666,3452.7000000000003,0.2978492243601831,41.89239731669805
2020-04-09,86492.85045765834,26100.108333333334,12467.958333333334,7080.508333333334,14808.5,2892.0,0.5277728131106834,38.806332221050376
2020-04-10,87758.0764563,12487.133333333333,12064.233333333332,6921.716666666667,15099.316666666666,2426.8,0.35863460782445095,40.37421448336274
2020-04-11,80671.49459603334,12813.925000000001,12215.608333333332,7463.058333333333,16006.983333333332,3444.5,0.40277661681334886,46.68391479057392
2020-04-12,79486.32381646667,12037.975,12269.658333333335,6251.441666666666,16884.149999999998,3275.7999999999997,0.38445701766961415,36.39103048087852
2020-04-13,87421.27537783334,9240.383333333333,10194.05,4493.616666666668,16862.608333333334,289.7,0.2737096879058714,38.09407839281847
2020-04-14,87289.52689734167,6916.158333333333,8164.833333333333,5794.616666666666,16497.99166666667,3363.5,0.2391536427718808,42.946774441103145
2020-04-15,89927.81413353333,16612.31666666667,11907.708333333334,7700.183333333333,15740.766666666665,3415.5,0.402769806898121,48.10442778846541
2020-04-16,96348.11487048333,36323.666666666664,11456.625,7369.8,15606.783333333335,3505.3000000000006,0.5724044704019646,53.10722454203592
2020-04-17,89134.11889227499,37540.85,6020.558333333332,2318.741666666667,15228.716666666667,3545.3000000000006,0.5147316265665841,57.77322755044877
2020-04-18,80670.98755749167,20962.266666666666,12382.416666666666,4516.049999999999,14576.483333333332,3616.1999999999994,0.4693227947203595,59.20898719957372
2020-04-19,78209.2725621,38934.59166666667,12212.85,5757.975000000001,16328.9,3527.0,0.7276044745395429,50.63849599875679
2020-04-20,86147.27788045834,24290.733333333334,12753.941666666666,7102.908333333333,15005.083333333334,1658.4000000000003,0.5124663764140571,59.956989924882635
2020-04-21,88423.11917758333,4257.416666666667,12571.550000000001,7664.083333333333,14785.466666666665,3536.4,0.2769982582361715,52.67460761441143
2020-04-22,89814.88470335833,4622.508333333333,11944.266666666665,7672.075,15237.324999999999,2986.5,0.2698756456689374,45.13983854339731
2020-04-23,93599.68319256666,6998.933333333333,11642.766666666668,7622.349999999999,13817.308333333334,3532.6999999999994,0.28059977453092266,48.369235222861136
2020-04-24,92248.97790514166,10642.25,10078.675000000001,6989.649999999999,14283.158333333333,3577.2999999999997,0.30038896505167134,52.64581339441264
2020-04-25,84588.47401994166,6867.683333333333,12215.191666666666,3450.308333333333,14067.516666666665,3217.3000000000006,0.26638597745623305,60.256669209675565
2020-04-26,79348.805563475,11254.991666666669,10774.508333333333,5337.658333333333,14939.008333333331,1364.5,0.34489691607822626,63.45552549671406
2020-04-27,88728.77697167499,1334.8749999999998,12467.125,7335.391666666667,14230.924999999997,3519.7999999999997,0.2382247607606987,54.65930958653269
2020-04-28,91723.79999131667,4440.158333333334,11927.091666666667,5124.583333333333,14808.691666666668,3490.1000000000004,0.2343103244236275,55.13867329051541
2020-04-29,92355.470601475,18900.583333333332,10441.475,5381.150000000001,14549.583333333334,3469.3000000000006,0.37597348708414,62.3680975924247
2020-04-30,90711.79926928332,7913.933333333332,7271.225000000001,4187.0,14448.533333333333,3088.7999999999997,0.21355720523000474,60.47647448941034
2020-05-01,86320.17766624999,2084.2,12210.108333333332,3171.616666666667,14143.5,3540.1999999999994,0.20233884443021638,56.86559126142576
2020-05-02,84718.11731040834,8384.941666666668,11858.083333333334,4945.491666666668,13121.283333333335,3577.6,0.29732148761492894,62.52825614982651
2020-05-03,86155.20792536667,12367.316666666666,11914.575000000003,7069.966666666667,13826.883333333331,3447.6000000000004,0.36389974661186336,58.698543794381855
2020-05-04,97228.41211395833,32769.49166666667,11316.758333333337,5816.166666666667,13507.458333333334,3346.7000000000003,0.5132493227203756,57.091188988373055
2020-05-05,99586.62294665833,10062.166666666664,12229.958333333334,4772.241666666667,13393.625,3585.1,0.27176708945299993,55.340680813092646
2020-05-06,96528.27055811668,22880.566666666666,11588.908333333335,3431.275,14395.591666666665,3645.6999999999994,0.39263885886343664,47.3908776679257
2020-05-07,93900.18934273331,23986.05833333333,12077.450000000003,4786.808333333333,14397.666666666666,3628.9,0.43503976885034856,53.986412692073586
2020-05-08,91024.366878725,3750.266666666667,12177.958333333334,5391.158333333334,14463.916666666666,3643.8999999999996,0.23421622214343887,53.80070604859046
2020-05-09,87640.695447575,18082.7,12002.666666666666,5078.291666666667,13309.775,3615.1,0.4012252316547119,57.93292593069543
2020-05-10,88456.88857648334,43607.84166666667,12054.974999999999,5784.833333333333,14525.633333333331,3155.1999999999994,0.6946621228585258,58.12571794696801
2020-05-11,100177.54407818332,30275.216666666664,12442.699999999999,4576.733333333333,14860.383333333331,2804.1000000000004,0.47210829967132156,44.546954120445406
2020-05-12,99503.36857625832,6847.2333333333345,12037.541666666666,4480.883333333334,14900.341666666667,3628.4,0.234822787084099,45.65439045811894
2020-05-13,99991.20302355832,3048.6,11995.441666666666,6906.133333333332,14947.008333333331,3686.6,0.21952106121603968,49.56534726553541
2020-05-14,102290.88314188334,12174.308333333334,11290.658333333333,6023.549999999999,14303.316666666666,1363.5,0.28828098615361836,56.500720006882155
2020-05-15,104955.43239424168,21181.791666666668,10630.683333333332,5781.833333333333,13768.533333333335,2182.6000000000004,0.3581930680073681,54.79721439161036
2020-05-16,102440.60416374165,1514.45,11926.25,6221.608333333334,13228.85,2941.7999999999997,0.19193862134886464,53.26726317473373
2020-05-17,99976.8121235,2372.2166666666667,11819.341666666665,6753.258333333334,13765.666666666666,3346.1,0.20949674451305586,58.1465546336042
2020-05-18,109015.26748098334,3868.2666666666664,7836.8,6007.016666666666,13964.616666666667,3691.3000000000006,0.16247341994022108,59.62741588610683
2020-05-19,108210.14156095835,5144.858333333334,10695.658333333335,6351.091666666667,14299.258333333331,3043.2999999999997,0.20507882175564912,67.91515231044342
2020-05-20,114895.56171144999,6044.266666666666,9301.408333333333,5710.141666666666,14642.574999999999,2493.7000000000003,0.18326048763786437,79.81849030765231
2020-05-21,115482.50716530834,12713.091666666667,10668.4,5800.3,14720.400000000001,994.9000000000001,0.2526944762715808,85.49509903184835
2020-05-22,115654.92374335833,7361.058333333333,12059.708333333334,7028.158333333333,14507.074999999999,3742.7000000000003,0.22868827494703933,70.02616864126867
2020-05-23,106569.37469679168,14789.183333333334,12563.758333333337,7018.016666666666,13751.650000000001,3827.2999999999993,0.32252191055004936,74.77607863270909
2020-05-24,100755.36590265833,6391.2,6961.608333333334,2655.6583333333333,14850.583333333334,3826.0,0.15888450727411133,75.31135331106809
2020-05-25,93877.39973368333,19859.225000000002,9981.683333333332,4599.908333333334,15958.15,3790.6,0.36687016006376727,83.68934919617872
2020-05-26,98236.75466566667,22751.733333333334,12582.666666666666,7666.850000000001,15653.75,1668.8999999999999,0.4377307673319216,72.04590042369568
2020-05-27,110208.93207515,5665.441666666667,12289.825000000003,7687.858333333334,15367.608333333332,3596.2999999999997,0.2326773748475695,52.21812691376139
2020-05-28,115279.36374706666,27043.925,12345.324999999999,7530.850000000001,15412.983333333332,3952.6000000000004,0.4070121353458104,63.427013095829345
2020-05-29,109010.87616983334,9570.108333333332,12455.375,4135.25,14632.566666666666,3906.8000000000006,0.2399827820168719,28.01255960755099
2020-05-30,89533.97816705001,22773.31666666667,12575.041666666666,5894.625,14170.949999999999,3913.9,0.4606405766577614,37.2249611434536
2020-05-31,84199.55061711666,34388.125,12244.708333333334,7879.241666666666,14399.050000000003,3958.6,0.6474152724149862,37.40231955864644
2020-06-01,84387.517827575,26587.40833333333,12384.491666666667,7748.175,14578.4,3817.2000000000003,0.5536372700932015,32.60748036873999
2020-06-02,97386.30269820832,1604.7166666666665,12293.125,7570.816666666666,14532.691666666666,3784.6,0.22044843821479532,24.48281222032211
2020-06-03,105474.87479249999,7567.108333333333,11841.208333333334,7417.1500000000015,15014.866666666667,3710.4,0.2543303959302178,35.087457408349614
2020-06-04,110947.88642178332,15118.575000000003,12249.316666666668,7460.724999999999,14708.741666666667,3789.6999999999994,0.31391870354574397,49.25812037626988
2020-06-05,116975.189353125,18856.7,11647.883333333333,7185.033333333334,13944.433333333334,1614.0,0.3222018008698337,53.13522210136917
2020-06-06,118332.24246866668,17530.483333333334,12074.983333333332,7424.05,13102.833333333334,1640.1999999999998,0.31292837771135584,59.011722479277466
2020-06-07,117915.86038858333,23855.175,12197.925000000001,7396.058333333333,14152.341666666665,3243.5,0.3684759470876074,60.61689429619463
2020-06-08,123150.21015675,9612.958333333334,11894.783333333335,5414.599999999999,14821.058333333334,3726.8999999999996,0.21861385077945822,64.20445093390713
2020-06-09,119308.03290783335,1412.6583333333335,7400.099999999999,3296.4500000000003,15003.608333333332,3823.6999999999994,0.10149533135533145,65.23580633986307
2020-06-10,112809.07075483333,3303.5833333333335,9580.841666666667,4287.991666666667,14618.891666666668,3809.2000000000003,0.1522254952705646,78.25559918592184
2020-06-11,113775.784413475,29407.558333333334,11694.183333333332,4384.083333333334,14594.783333333333,3857.8000000000006,0.39978476293952847,79.52702221037994
2020-06-12,111624.21159875001,8474.116666666667,11967.358333333332,4912.716666666666,14619.208333333334,3667.2999999999997,0.22713881964789245,43.551735857686715
2020-06-13,102068.40740221669,3897.7333333333336,12436.5,6131.141666666667,13480.991666666669,3449.6999999999994,0.22010116128756316,24.513585689014995
2020-06-14,98693.16544653331,3091.058333333333,12438.616666666667,5490.341666666666,15054.166666666666,3808.6999999999994,0.21298350875222652,27.209339819763585
2020-06-15,106903.47400257499,12135.391666666668,12609.400000000001,6604.599999999999,15314.591666666665,3845.1000000000004,0.2932495127886261,50.87145512316406
2020-06-16,110043.28172700833,13040.758333333333,12356.233333333332,7673.625,15374.425000000001,3858.3999999999996,0.3005237225540687,47.72704945106665
2020-06-17,108329.25173758333,34536.575000000004,12360.591666666667,7408.466666666667,15186.691666666666,3751.9,0.5013016564065563,26.85999385793091
2020-06-18,108147.91154649999,36522.066666666666,12434.691666666666,7506.149999999999,14961.741666666667,3771.3000000000006,0.5220896781631901,25.448181017297813
2020-06-19,115228.25516583334,40504.333333333336,12233.333333333334,7474.783333333333,14262.566666666666,3847.7000000000003,0.5225493514012158,30.379012713221126
2020-06-20,114456.27568533334,19349.866666666665,11884.949999999999,7275.433333333333,13638.675000000001,3860.4,0.33646254667479786,30.23506571695663
2020-06-21,114249.92250966666,2846.8249999999994,11953.75,6562.633333333332,14738.691666666666,3819.9,0.18698663302398122,31.007650066893024
2020-06-22,124053.72933316666,15253.975,12062.041666666666,6757.325,15511.433333333334,3452.9,0.2746660003679302,28.770881992473527
2020-06-23,120099.99172566667,7611.541666666667,11830.6,6986.100000000001,15631.450000000003,3179.3999999999996,0.22005198574063406,26.128002420613146
2020-06-24,119851.90843949998,1940.4333333333334,10985.566666666666,6515.108333333333,15362.516666666668,1911.7,0.16220941815997036,23.690643760723187
2020-06-25,122944.23100783334,592.3666666666667,11130.975,7140.5250000000015,14234.975,2666.5,0.15343433776461432,24.118702974192296
2020-06-26,124588.29970966668,516.6416666666667,9935.891666666668,6295.149999999999,14806.35,2673.7000000000003,0.13442420654556778,28.131524977399817
2020-06-27,119965.42166641667,1830.6833333333334,9228.866666666667,5524.400000000001,14297.175000000001,1116.3999999999999,0.13823941740574516,31.777366262230625
2020-06-28,121526.03080855834,3799.991666666667,7833.341666666667,4624.166666666667,15730.091666666665,3574.1,0.13377792306580527,30.73333818251378
2020-06-29,127481.51061041665,1959.2666666666667,7546.516666666666,5159.075,14964.091666666665,2550.4,0.11503517853776556,28.316146900211198
2020-06-30,124654.03952883331,2445.9,7971.55,3202.525,15752.300000000001,2532.1,0.10926220322647152,50.01642990008469
2020-07-01,126394.952507,15930.466666666665,8891.074999999999,6980.833333333333,15955.791666666666,3361.2000000000003,0.25161111554861115,60.09367260358595
2020-07-02,129046.66507308332,9004.975,10063.525,7059.458333333333,15701.108333333332,1289.3999999999999,0.20246907053767116,57.27412353754307
2020-07-03,130837.84992216667,1088.6833333333334,10846.025,7280.708333333333,15146.791666666666,2012.0,0.14686435674460874,24.99397097781601
2020-07-04,127255.40955525001,676.1749999999998,11531.841666666667,7703.958333333333,14459.991666666667,2606.8,0.15647252301172226,29.926012446541915
2020-07-05,121986.557227625,1364.3583333333333,10587.0,7232.075000000001,14568.85,2609.8,0.15725858462861075,33.08109413529489
2020-07-06,122925.79513933334,3612.8000000000006,9789.833333333334,6654.683333333334,15612.616666666667,2228.3999999999996,0.16316605187651786,27.702351225021133
2020-07-07,112962.76701566666,9772.333333333334,10099.658333333333,7059.175,15748.099999999999,3294.6,0.23840746272558655,58.76397412593472
2020-07-08,116166.47939983332,5726.25,10782.758333333333,7325.933333333333,15994.916666666666,1740.3999999999996,0.2051791686363258,74.44392842508098
2020-07-09,120289.51021841665,11486.641666666668,11481.866666666669,7337.291666666667,16308.733333333332,3567.7000000000007,0.25194050541042196,58.36911051159489
2020-07-10,120094.27672483334,11043.541666666666,10382.433333333332,7259.875,15795.533333333335,3608.6,0.23886109132183383,73.94574007591048
2020-07-11,118398.67520691668,652.0749999999999,10432.574999999999,7322.191666666667,14506.316666666668,3660.3999999999996,0.1554649292696762,70.03807240998238
2020-07-12,117448.53371865,1524.5083333333332,10171.875,7122.9000000000015,15459.991666666667,3609.5,0.16023429784500548,73.5726932288952
2020-07-13,125419.47730658331,17557.908333333336,11372.625,7520.533333333333,15724.583333333334,3599.6000000000004,0.2906332210073191,78.6808966626988
2020-07-14,128110.34753071668,13662.216666666665,11660.1,7382.25,15864.216666666667,3507.1000000000004,0.2552843489775498,64.19645236156424
2020-07-15,128929.92890966666,28234.475000000002,11735.049999999997,7302.383333333334,16266.058333333332,3102.2999999999997,0.366648060175802,72.37785169825912
2020-07-16,133820.49116633332,14193.241666666669,11356.875000000002,7142.666666666667,16395.333333333332,1861.2,0.24430326811980957,77.13958448292024
2020-07-17,137653.905616,8179.325,11192.141666666668,7265.683333333334,15823.258333333331,3277.6,0.1935081309956226,47.65902745728795
2020-07-18,134759.68470291665,6565.366666666666,10837.166666666666,7460.6083333333345,15010.908333333333,1632.3999999999999,0.18449985039278252,24.524569013113094
2020-07-19,130042.29230266665,608.975,10403.491666666667,6202.316666666668,16539.875,2031.5,0.1323783442179474,27.68209380958574
2020-07-20,138586.13156824998,6894.525000000001,8645.141666666666,5855.183333333333,16039.700000000003,3473.1,0.15437944445013682,34.595952765331
2020-07-21,137797.57644708335,8159.316666666667,9406.066666666668,7312.258333333334,16233.158333333333,2342.4,0.1805375849713882,32.11540267963506
2020-07-22,133920.70405425,671.8583333333333,10152.433333333334,7061.383333333332,16123.025000000001,2525.7999999999997,0.13355421871703035,26.604722380799483
2020-07-23,132754.50203966667,1562.675,8711.558333333332,7148.366666666666,16123.591666666667,2966.4,0.13123924034451334,30.577037615523977
2020-07-24,141285.57989575,3367.991666666667,9721.441666666666,7201.083333333333,14914.316666666668,2843.9,0.14361350027114142,27.77687987158683
2020-07-25,139184.51951583335,1691.5416666666667,8006.041666666667,6422.141666666667,15316.85,2698.2000000000003,0.1158155020118186,29.585642378478063
2020-07-26,139080.351827,701.5416666666666,8749.708333333334,4620.633333333334,16068.416666666666,1785.0,0.10117808265855656,32.27675595310397
2020-07-27,147777.03073891668,7296.875,8900.75,6740.158333333333,15882.483333333332,3328.2999999999997,0.1552188673614534,33.35171288040652
2020-07-28,142794.28345174997,14745.950000000003,9767.816666666666,6678.375,15280.633333333333,3272.2000000000003,0.2184411092143367,35.87649634540785
2020-07-29,137786.0180985,6980.158333333333,9176.25,6281.866666666666,14088.308333333334,3299.9,0.16284870779819907,30.84303500044277
2020-07-30,136374.27512566667,2184.433333333333,10393.808333333334,6382.275000000001,14100.958333333334,3383.9,0.13903294187408044,28.558758358166365
2020-07-31,133973.25866441667,19056.991666666665,11383.475,5999.974999999999,13782.300000000001,3434.6000000000004,0.27199787502328815,30.92818898106001
2020-08-01,128938.11045858334,12985.025,11093.266666666668,3729.258333333333,13931.0,3414.7000000000007,0.21566587179771154,35.25457941635221
2020-08-02,123065.89752716669,40582.558333333334,10978.691666666668,4041.308333333333,14806.308333333332,3392.2999999999997,0.45181126088207435,33.607002669563684
2020-08-03,129657.21917358332,6963.083333333335,11614.275,4001.7833333333333,15269.891666666668,3016.2000000000003,0.17414488611265078,25.459286467446077
2020-08-04,126697.102592,10485.291666666668,10962.441666666666,5463.266666666666,15060.099999999999,3518.4,0.2124042259013683,29.367471777030126
2020-08-05,129156.08207275001,6293.841666666667,10993.733333333332,6560.483333333334,13877.449999999999,3519.8000000000006,0.18464525983298555,26.275061809873442
2020-08-06,126994.21912625,1034.7333333333333,10522.916666666666,3405.1749999999997,14021.583333333334,3476.2999999999997,0.11782288282842907,24.662439788686402
2020-08-07,119351.87862508332,4327.691666666667,10594.991666666667,6153.933333333332,12299.216666666665,3258.7000000000003,0.17659224898230588,28.069835381581292
2020-08-08,116605.03114141668,1320.8583333333333,11198.758333333331,7375.933333333332,11689.383333333331,3341.4,0.17062342683885567,29.792505070776176
2020-08-09,117415.38240616668,703.2083333333334,11283.6,6544.858333333333,11803.775,2876.6,0.15782997327012394,25.75550869528472
2020-08-10,130663.70726491667,7799.366666666666,11017.691666666666,5382.858333333334,12409.349999999999,2448.6000000000004,0.18520763854956354,68.53594952356488
2020-08-11,134953.05890816668,18201.975,10712.708333333334,7119.658333333333,13037.441666666668,3410.9,0.2670138932618596,45.1346556573377
2020-08-12,136765.81498375,23988.325,9997.108333333334,7071.599999999999,11650.158333333333,3343.7000000000007,0.3001995296720279,34.98006962330535
2020-08-13,139977.69542749997,19773.533333333333,9851.75,7039.216666666667,11929.65,3362.3000000000006,0.261931016138139,33.14403329502366
2020-08-14,136451.60573916667,21808.925,9865.583333333334,7200.125,11009.9,3315.2999999999997,0.28489685498933537,36.94567782721482
2020-08-15,122103.64779441668,7980.483333333334,11167.891666666665,6636.658333333333,9521.741666666667,3394.9,0.21117332527810345,27.892198516332307
2020-08-16,119791.40995683333,3287.875,10953.9,6518.866666666666,9529.725,3451.3000000000006,0.17330659747762994,26.37862068706872
2020-08-17,129252.01430058334,1263.7166666666667,10989.241666666667,6554.483333333333,10848.683333333332,3458.1,0.1455098535093529,24.68752883003779
2020-08-18,124810.547879,16309.324999999999,10986.375,6447.0,11916.891666666668,3434.4,0.2703513490920055,35.20248603962048
2020-08-19,125602.54876758333,6515.708333333333,11136.800000000001,6267.491666666666,11899.775000000001,3431.8000000000006,0.19044199528356623,26.25350106953569
2020-08-20,123686.98061049999,5947.333333333333,11399.366666666669,6996.075,11242.441666666666,3369.8000000000006,0.1968095177022496,26.295213164549093
2020-08-21,122521.10168691666,2053.9583333333335,11180.183333333332,7034.424999999999,11747.483333333332,3157.8000000000006,0.16542919046271545,25.824214546611596
2020-08-22,120991.24427375001,1593.5916666666665,11170.966666666667,6650.5,11414.633333333333,2459.6,0.160466639134693,24.712352615800594
2020-08-23,120461.29347241666,2148.2083333333335,11008.216666666667,6614.524999999999,12409.108333333332,2830.7000000000003,0.16412699407488243,27.480600640197284
2020-08-24,132922.85203783333,9267.058333333334,10935.824999999999,7038.866666666668,12698.341666666665,2900.1,0.20494406779841198,37.10500162746764
2020-08-25,135125.72416841667,27230.850000000002,10438.324999999999,7047.0,12851.183333333334,3354.1,0.3309227408414633,62.39449445685697
2020-08-26,141467.86752833333,21516.4,10599.091666666665,6843.333333333333,12437.65,3374.6999999999994,0.2753899219707775,33.88399250456397
2020-08-27,130963.14116666668,13460.1,10742.466666666667,7053.633333333332,11659.475,3311.2999999999997,0.23866409832231072,31.104854161856885
2020-08-28,124912.57635399998,5747.891666666666,11707.175000000001,6771.833333333333,11476.758333333333,3305.3999999999996,0.1939508471216013,28.235548889412513
2020-08-29,117499.91899841667,3053.2666666666664,11547.825000000003,7232.350000000001,11564.516666666668,3209.5,0.1858166529200831,25.94420729002456
2020-08-30,116857.98715941666,797.6166666666668,11066.300000000001,6962.591666666667,12217.5,2373.7000000000003,0.16110587552436936,29.04866490861065
2020-08-31,129767.94575316667,5451.616666666666,10814.650000000001,6991.766666666667,12059.716666666667,2719.2,0.17922787633220877,36.752660980415115
2020-09-01,129011.11721716665,39907.424999999996,10781.199999999999,6839.383333333334,12678.683333333334,2433.9,0.4459151240159825,41.347994627595355
2020-09-02,132171.39063966667,31210.774999999998,10774.525,6616.633333333334,12809.666666666666,2952.4,0.3677190131549326,36.68054590974857
2020-09-03,131682.86606783333,8035.733333333333,10461.116666666667,6860.958333333333,12766.466666666665,2945.1,0.19256725715759296,32.55235467023622
2020-09-04,131321.90807208334,18580.608333333334,10164.641666666668,6906.45,12176.300000000001,3039.4,0.2714832621867676,39.11636253251134
2020-09-05,123898.47464283335,6111.558333333333,9141.858333333332,6945.75,11360.391666666668,2566.4999999999995,0.1791722354182407,31.869235102375118
2020-09-06,118689.47690541668,4702.266666666666,9691.866666666667,6868.508333333334,12274.791666666666,3114.5,0.17914512913062047,38.109012748041174
2020-09-07,122350.74617833334,5755.525000000001,10431.625,6747.766666666666,12395.200000000003,1621.8,0.1874522010126337,38.50785289741738
2020-09-08,133320.48506816666,7753.583333333333,10385.516666666666,6644.883333333332,12739.583333333334,3188.1999999999994,0.1858977884806022,35.401983382140266
2020-09-09,131181.05100508334,7220.383333333334,10136.908333333333,6616.558333333333,12417.116666666667,2842.0,0.18275391008317962,35.13107063690183
2020-09-10,118404.33904825,6436.933333333333,10909.841666666665,6783.158333333333,12091.575000000003,3158.0,0.2037926441487954,24.829053787917115
2020-09-11,114816.45794308333,7525.350000000001,11220.199999999999,6601.716666666667,11895.483333333332,3141.6,0.2207633567587652,50.09323543613528
2020-09-12,105501.24327858334,25231.733333333334,10788.9,6325.383333333334,11447.299999999997,3088.8000000000006,0.4013793141266504,34.30933451676219
2020-09-13,103543.25200358331,5519.25,10582.158333333335,6501.925,11622.275,2160.2000000000003,0.2182984684752909,27.144167021892954
2020-09-14,117951.02929533336,701.4166666666666,10811.725,6649.983333333334,12177.708333333334,3231.2000000000003,0.15398869436333618,27.2194070312406
2020-09-15,120517.69880158333,468.52500000000003,9657.366666666667,6544.391666666666,12830.566666666668,3323.5,0.1383222837732637,28.89980924223321
2020-09-16,118568.96257566668,25986.833333333332,10189.783333333333,6398.099999999999,12576.424999999997,3288.0,0.3590713433078824,33.76451228564844
2020-09-17,113285.68219299999,31568.79166666667,9627.216666666667,3348.1083333333336,12061.066666666666,3255.2000000000003,0.39320164564820076,42.81325914482632
2020-09-18,103929.6190705,13837.108333333332,11794.300000000001,5289.258333333333,12581.033333333335,3256.4,0.29751544307779887,47.95660492230639
2020-09-19,92109.89332044999,37582.36666666666,11601.833333333334,7137.7333333333345,11594.083333333334,3257.7999999999997,0.6114645376625237,41.51078537699558
2020-09-20,91684.30924151668,12261.466666666669,11125.875,6860.883333333332,12111.158333333333,3015.7999999999997,0.3299171390419653,32.914193669701774
2020-09-21,102264.95307533334,3502.3250000000003,10709.15,6785.200000000001,12501.300000000001,3234.3000000000006,0.20531642922216795,42.466343283993965
2020-09-22,104392.7688197,7605.55,11088.958333333334,6858.058333333334,12608.4,3246.4,0.24477333972048682,33.46603287996354
2020-09-23,101874.69620391667,40469.84166666667,11243.858333333332,6820.966666666667,12558.391666666668,3244.8000000000006,0.5745751285432176,38.137578508480594
2020-09-24,97743.36573578331,40889.88333333333,11072.458333333334,6917.458333333332,12242.758333333333,3127.4,0.6023917792964277,36.111553138208365
2020-09-25,95810.97288532501,10462.566666666668,11067.275,4588.141666666666,12154.833333333334,3099.6000000000004,0.2725990828273253,25.401515124331052
2020-09-26,89323.10398963332,806.3000000000001,11122.033333333333,6743.133333333334,10691.766666666666,3100.2000000000003,0.20903289107411274,26.704381946866498
2020-09-27,89655.63627179165,1624.6083333333336,10864.891666666668,6537.558333333333,11702.658333333333,3032.6,0.21222378340668602,29.022730857274333
2020-09-28,104463.96362854168,790.4916666666667,10669.591666666667,6357.099999999999,12608.683333333334,2414.7000000000003,0.1705581782890087,28.59808925236377
2020-09-29,108282.55889625002,866.7083333333334,10199.275,5805.008333333334,11953.85,2305.9,0.15580525468401113,28.26819622108445
2020-09-30,109005.68511491669,669.875,10235.85,6314.558333333332,12480.558333333334,939.9,0.15797601120693158,28.542789452167355
2020-10-01,108551.44241995834,2353.2916666666665,8767.375,5725.991666666666,12157.783333333335,1188.4,0.15519515869865488,29.469531653486793
2020-10-02,106327.94143520835,1033.925,9190.691666666668,5879.125,12103.183333333334,2579.1,0.15145352622555558,26.98155918454127
2020-10-03,98548.97739545834,14722.816666666668,8441.908333333335,4803.058333333333,11560.266666666668,705.0,0.28379577416723395,29.83627162295475
2020-10-04,96456.77491481668,16422.11666666667,5901.041666666667,3421.9916666666663,12216.724999999999,884.1,0.26690867513180044,35.433459642661916
2020-10-05,108215.53675818334,5948.366666666668,9937.874999999998,6163.524999999999,12298.408333333333,2713.9,0.203757864417738,33.43768691357364
2020-10-06,106671.76611791666,2481.8666666666663,10126.216666666667,6547.258333333334,11478.550000000001,3087.7999999999997,0.17957274322703207,28.452454807291772
2020-10-07,104923.069343175,13579.591666666665,8999.458333333334,6336.441666666666,11657.666666666666,2907.9,0.2755875504565341,41.8116478659668
2020-10-08,100323.82317883334,15961.516666666665,9587.25,6049.758333333334,11664.924999999997,2479.8,0.31496531929084975,32.17044209543323
2020-10-09,95748.0101444,18111.966666666667,9882.008333333333,5667.683333333332,11109.966666666667,2181.1,0.3515650955311482,35.319038685651805
2020-10-10,85638.19159271667,30113.291666666668,10559.4,6423.183333333333,11015.5,2919.1999999999994,0.549940092429572,34.17075355625866
2020-10-11,85215.0049443,9513.958333333334,9616.908333333333,6204.325,11481.974999999999,2928.1000000000004,0.2973090441434203,31.965148538661257
2020-10-12,93334.987818225,39118.05,10143.966666666667,3186.941666666667,11527.333333333334,1382.3,0.561943163644919,32.675914625163344
2020-10-13,93673.90433975833,8922.199999999999,9617.525,5838.741666666666,12073.824999999999,348.3999999999999,0.26024821788408825,31.106652496571442
2020-10-14,93386.41263983333,1544.7916666666667,10220.358333333332,6138.741666666666,12677.75,2319.5,0.1917183791577607,29.693062145171584
2020-10-15,93671.67081762501,1016.0499999999998,10121.925000000001,6313.691666666667,12502.924999999997,2686.9,0.18630677252084427,29.264371194842134
2020-10-16,92268.10777728334,1079.2083333333333,6679.516666666666,4789.775000000001,12503.558333333332,2497.2999999999997,0.13600040471502414,33.0294050607818
2020-10-17,83091.5190534,15377.183333333334,5795.833333333333,3437.3999999999996,11297.166666666666,2783.5,0.29618445958185474,36.73452040739855
2020-10-18,80138.7212723,50227.291666666664,9726.991666666667,2458.3333333333335,11963.516666666668,2755.1999999999994,0.7788072441859593,42.87947248530827
2020-10-19,89306.28016864166,26705.61666666667,10230.691666666666,2516.0666666666666,12464.6,2717.1,0.4417648448183044,37.387743442667144
2020-10-20,88844.750132125,10250.691666666668,9978.225,5233.833333333333,11773.133333333331,2778.1,0.2865982510180197,33.30810698623545
2020-10-21,88445.009857175,13895.883333333337,10366.941666666666,6154.883333333334,9943.45,2762.9,0.34391661420416175,33.28091922355387
2020-10-22,89240.9241287,48544.575000000004,10087.6,5858.591666666667,8462.616666666667,2536.0,0.7226591084339338,36.370835667320755
2020-10-23,90725.81889384166,14775.299999999997,9617.416666666666,5869.425,7648.791666666667,264.79999999999995,0.33355600462616286,32.34716640553043
2020-10-24,83896.269425725,5032.25,9644.083333333334,5874.875,8589.466666666667,1735.6999999999998,0.24495973985503278,27.21847031541231
2020-10-25,82307.04812775833,5129.558333333333,9666.158333333333,5650.608333333334,8325.475,2755.6000000000004,0.24841523861070663,35.62272006154506
2020-10-26,93818.46009117499,11862.933333333332,8172.583333333333,5172.566666666667,10233.474999999999,2730.2999999999997,0.2686900137652603,37.905497980221355
2020-10-27,92465.04902595833,32138.300000000003,8144.116666666666,5661.025000000001,10657.616666666667,2371.9,0.4968735987342489,39.24089048081819
2020-10-28,91440.30906148332,28136.158333333336,9019.591666666667,5326.416666666667,9495.108333333332,2696.5,0.46458905380669907,33.968781410453985
2020-10-29,88920.18656716666,33772.6,9887.566666666668,5715.325,8667.191666666666,2713.2,0.5552787682172758,36.371208975664636
2020-10-30,88402.75375971665,26536.849999999995,9542.208333333334,5702.308333333333,8746.441666666668,2664.1,0.47262517161208145,28.40502973998658
2020-10-31,82953.50845450832,20031.975000000002,9139.566666666666,5563.7,8634.708333333334,1151.0,0.4187314354005348,35.73596084998945
2020-11-01,79382.32905815833,46733.674999999996,9589.300000000001,5759.183333333333,10299.633333333333,998.5,0.7820652161496764,47.4296132779654
2020-11-02,88365.90839985,14079.333333333336,9436.483333333334,4136.183333333333,10221.300000000001,1754.2,0.31292611031481166,34.08089289148153
2020-11-03,87732.84070225834,4613.991666666668,9408.525,3597.616666666667,10793.333333333334,2583.2999999999997,0.20083851374574002,29.50657141345319
2020-11-04,88247.08462414167,7126.408333333333,8439.050000000001,5477.150000000001,11276.716666666667,1326.7,0.23845103124887512,32.16080172297903
2020-11-05,88317.72209739167,3328.8333333333335,8217.324999999999,5392.283333333334,11215.108333333335,2513.7999999999997,0.19178983860099938,32.6005802451379
2020-11-06,88188.54982734167,33004.058333333334,7913.641666666667,3559.283333333333,10973.225,2369.2,0.5043396611057986,41.54766371668578
2020-11-07,82413.43622398334,55408.775,9210.275,5155.483333333334,10279.158333333335,2492.9,0.8466402631689817,31.850961441840425
2020-11-08,80535.23781830833,55762.533333333326,8641.916666666666,5234.975,10795.875,2612.9,0.8647075104826801,40.21968539675875
2020-11-09,90819.27108169167,48999.90833333333,9021.1,5358.933333333333,10720.949999999999,2603.3,0.6978688654047509,37.04724451114436
2020-11-10,93273.04795951665,51949.89166666666,8703.508333333333,5296.158333333334,11126.975,249.19999999999996,0.7070591106013545,32.34137422257303
2020-11-11,92287.476620575,19720.208333333332,8993.333333333334,5388.208333333333,11704.708333333334,2193.5,0.36951655033546765,38.54432125491996
2020-11-12,90105.48812230834,16492.791666666664,9212.5,4630.650000000001,10508.083333333334,1981.3000000000002,0.336671409243008,39.603069680794185
2020-11-13,86737.4772981,36723.65,9246.808333333332,5459.575,10209.225,2423.7999999999997,0.5929390032474453,40.2388935946806
2020-11-14,81387.50327843333,42646.208333333336,5289.15,3805.9583333333335,9701.766666666665,2513.5,0.6357403112570659,38.026229257880495
2020-11-15,78610.92877719167,55852.96666666667,8808.0,4848.741666666667,9897.683333333332,2529.7000000000003,0.8842244890700364,38.94910901961364
2020-11-16,87209.72685055,51879.49166666666,7811.966666666667,5453.258333333334,9358.175000000001,2454.2000000000003,0.7469891148530277,49.0994939640302
2020-11-17,87750.38150291667,30005.858333333334,8629.725,3331.6166666666663,9450.208333333334,2444.7999999999997,0.47825661018471,42.898207938101876
2020-11-18,91241.68061771667,48784.916666666664,8753.1,5285.266666666666,10123.558333333332,2470.7999999999997,0.6885371127319496,40.900357383011695
2020-11-19,88572.54456949166,32019.158333333336,8884.65,5083.433333333333,10230.775,2457.6,0.5192042510485436,46.65877100120313
2020-11-20,88117.68666190833,2389.3583333333336,8722.158333333333,5111.116666666666,11307.991666666667,2265.9,0.1841018976766452,32.02230277255059
2020-11-21,83731.30377458333,3692.5833333333335,8484.041666666666,4910.983333333333,10299.483333333334,1244.6,0.20407670205799763,32.29754520342799
2020-11-22,82518.05169831666,39380.00833333334,8519.733333333334,5076.158333333334,10772.666666666666,761.9,0.6419916480054351,37.433692630892125
2020-11-23,90392.40054484166,14885.25,8441.800000000001,4930.658333333334,10435.141666666666,2234.4,0.31261154879181813,35.42008487904774
2020-11-24,89797.78047185,33679.40833333333,7841.058333333334,4600.891666666666,9905.983333333332,1129.6,0.5136135669610628,27.299055734141813
2020-11-25,88304.10625645833,51036.924999999996,6011.575000000001,3856.4666666666667,9300.65,2410.5,0.6897183975769218,40.1394880052803
2020-11-26,78607.32499234167,54308.28333333333,7044.741666666666,4140.275000000001,8788.208333333334,1243.3,0.8331704457107616,35.312811446451946
2020-11-27,80345.4503202,55384.35,7981.908333333333,3618.116666666667,8576.15,2393.9,0.8337046433002462,31.62117573766491
2020-11-28,80155.05678639167,40895.450000000004,8417.275,4077.6,8416.449999999999,2483.2000000000003,0.666088044105339,36.26591093447427
2020-11-29,79973.787736625,41204.73333333334,8749.233333333332,3685.7999999999997,9793.841666666667,2379.2999999999997,0.6707168459160233,38.141599580125906
2020-11-30,88239.84834906667,46052.25,7328.283333333333,2584.4249999999997,9355.841666666667,2325.5,0.6342367918850269,41.182978663207166
2020-12-01,88668.5196608,21827.350000000002,8437.866666666667,4342.7,9334.349999999999,2419.7000000000003,0.3903066928269322,43.23943420639566
2020-12-02,93567.137446375,868.1583333333334,9203.333333333334,5373.033333333333,9728.158333333333,2316.2000000000003,0.16506356207436113,38.700170909866685
2020-12-03,95920.15905873333,36246.50833333333,8867.65,5212.125,9314.191666666666,2445.6,0.5246684724794691,47.37067846026145
2020-12-04,92893.36116490833,8254.075,8559.033333333333,5102.258333333333,9038.550000000001,2267.5,0.2359196221542846,41.47712373601205
2020-12-05,86982.573933475,914.7166666666666,8618.45,5065.733333333333,7461.791666666667,2348.4,0.16783706597559833,34.117879633952946
2020-12-06,85302.950085025,2393.1,8758.516666666666,5104.091666666666,7303.933333333333,2315.2999999999997,0.19056443320108613,38.33456819304789
2020-12-07,92631.99776963332,15093.458333333334,8396.583333333334,5029.816666666667,7356.658333333333,2341.6,0.30788344222327385,38.48332582859947
2020-12-08,91864.56230368333,13802.033333333333,8199.575,4907.958333333333,7548.066666666667,2293.7999999999997,0.292926521303283,36.46476683064392
2020-12-09,91496.708991,1270.5249999999999,7853.95,4939.475,7619.616666666666,1306.0,0.1537099001165538,35.3614432837713
2020-12-10,90672.78013215,7448.05,8132.583333333333,4811.091666666666,7901.866666666666,2300.2000000000003,0.22489356751034117,36.70050120781597
2020-12-11,89195.67533890001,25182.400000000005,7947.916666666667,4876.825,7937.816666666667,1267.8,0.42610969110618974,33.29366489607916
2020-12-12,83873.54268450833,30768.566666666666,8192.583333333334,4453.525,7606.741666666666,1529.8999999999999,0.5176206180214064,46.26352773907763
2020-12-13,83237.68647920834,31189.05833333333,8058.158333333333,4179.966666666666,8350.516666666666,1197.2,0.5217250162783039,42.746704877925445
2020-12-14,91502.38757826667,50157.225000000006,8166.283333333333,4682.066666666667,8526.708333333334,1333.5,0.6885675518150618,42.91179900012875
2020-12-15,93185.13431836666,57964.216666666674,6810.599999999999,4184.650000000001,8462.475,0.0,0.740026477088791,39.67447611775764
2020-12-16,92604.67444076667,58136.64166666666,7796.158333333333,4395.375,8873.941666666668,2216.2000000000003,0.759445194583395,36.96431089937094
2020-12-17,92093.12772254167,26538.525000000005,7122.966666666667,4468.166666666667,8607.208333333334,1502.5,0.41403369910739085,49.289030975670144
2020-12-18,90439.05515129166,30178.233333333337,7477.858333333334,3460.883333333333,7245.141666666667,1937.3,0.45463737907497115,59.64806114348561
2020-12-19,85727.13244251667,18807.391666666666,3284.5333333333333,1227.6583333333335,7289.316666666668,2188.6,0.2720210354518741,25.702947775841196
2020-12-20,85374.37213201667,2521.8416666666667,8252.783333333333,4050.1416666666664,7340.033333333333,1568.7,0.17364422480018635,34.54880372175209
2020-12-21,95421.98172516667,1017.0166666666668,7083.650000000001,4553.566666666667,7135.308333333333,777.9,0.13261339897320426,39.67082179558594
2020-12-22,96731.04230631667,541.3916666666668,8133.341666666667,4857.224999999999,7865.650000000001,2188.7999999999997,0.1398926136914962,38.25907956660379
2020-12-23,98224.79630383333,3049.975,8307.8,4880.058333333333,7926.825000000001,2151.5,0.16531297538256776,41.779452473258594
2020-12-24,98168.14026833336,42980.14166666666,6888.441666666667,4391.166666666667,7889.450000000001,2155.2000000000003,0.5527226027882985,42.81033009003739
2020-12-25,95253.840794,17436.291666666668,6718.333333333333,4752.858333333334,6967.099999999999,245.19999999999996,0.3034784014205777,42.16547812542389
2020-12-26,88256.39310748334,31988.2,8322.891666666668,4763.408333333334,6283.091666666667,837.0,0.5107222084762276,43.246520041680576
2020-12-27,84961.38057865833,19566.308333333334,7716.474999999999,4576.691666666667,7063.133333333334,2132.2,0.37498772716509815,35.50326949820283
2020-12-28,81763.52506420833,29129.816666666662,7731.908333333333,4425.058333333333,7419.116666666666,2007.3999999999999,0.5049535633512755,37.50929361424914
2020-12-29,88475.91833393334,4960.191666666667,4990.158333333334,2384.9166666666665,8063.650000000001,2247.7999999999997,0.13941948158265907,33.71736978806368
2020-12-30,89519.75416754167,35201.59166666667,5567.333333333333,3313.883333333333,8086.141666666667,1855.1000000000001,0.4924366553870297,41.5739606630121
2020-12-31,91865.32622376666,15869.875,7511.491666666666,5019.716666666666,8158.966666666667,39.300000000000004,0.30915998996349975,41.11098642920894
